dummy_y,comp,rating,RR,2.50%,97.50%
3,tracker,sda_da,3.763823034,3.233296396,4.423636219
2,tracker,n,0.5271926121,0.4108067271,0.6732712613
1,tracker,a_sa,0.1402929899,0.110064278,0.1754848175
3,convo,sda_da,2.096485205,1.863965475,2.353587961
2,convo,n,0.4521033485,0.3459450204,0.5736487551
1,convo,a_sa,0.2172312976,0.1656456122,0.2754366506
3,reviewer,sda_da,1,1,1
2,reviewer,n,1,1,1
1,reviewer,a_sa,1,1,1