dummy_y,comp,rating,FD,2.50%,97.50%
3,tracker,sda_da,-0.3340525302,-0.3884237799,-0.2822917947
2,tracker,n,-0.01787743661,-0.05801042048,0.02226495639
1,tracker,a_sa,0.3519299668,0.3009061789,0.4048364952
3,reviewer,sda_da,0.09804023131,0.05800492281,0.138995697
2,reviewer,n,0.05607367093,0.01896716975,0.091772383
1,reviewer,a_sa,-0.1541139022,-0.209346681,-0.09789587861
3,convo,sda_da,0,0,0
2,convo,n,0,0,0
1,convo,a_sa,0,0,0