dummy_y,comp,rating,RR,2.50%,97.50%
3,tracker,sda_da,0.3902283315,0.3246076705,0.458917781
2,tracker,n,0.911803717,0.7229929258,1.135457573
1,tracker,a_sa,2.344102024,2.026542424,2.727370257
3,reviewer,sda_da,1.865974763,1.437389087,2.401442953
2,reviewer,n,1.501098905,1.146913416,1.905426753
1,reviewer,a_sa,0.8001051412,0.735559425,0.8680909132
3,convo,sda_da,1,1,1
2,convo,n,1,1,1
1,convo,a_sa,1,1,1